Date,Open,High,Low,Close,Volume
2018-02-07,85.2169,86.4221,84.0009,84.3891,43625580.960184
2018-02-08,84.4804,84.6372,79.8204,80.0576,58676518.62341
2018-02-09,81.2708,83.7447,78.9447,83.0408,67401075.972398
2018-02-12,83.565,84.5458,82.8045,83.9522,37921579.35449
2018-02-13,83.7447,84.7543,82.6825,84.5945,27949358.564272
2018-02-14,83.7407,86.0916,83.6494,85.9189,36941622.685119
2018-02-15,86.2961,87.7258,85.7372,87.6681,29090523.523449
2018-02-16,87.4706,88.4633,86.857,87.0427,32321698.025301
2018-02-20,86.5483,88.0464,86.1114,87.7258,32622474.042448
2018-02-21,87.9729,88.3314,86.5602,86.5602,28207218.094525
2018-02-22,87.0914,87.7355,86.4401,86.7906,24961661.543199
2018-02-23,87.7545,89.0044,87.3852,88.9955,27803407.656687
2018-02-26,89.3171,90.3099,89.1712,90.2801,31888153.470752
2018-02-27,90.5859,90.6763,89.1235,89.1235,27341782.951335
2018-02-28,89.7321,90.5512,88.5884,88.7166,32941619.959878
2018-03-01,88.928,89.4779,86.8937,87.8498,39249597.133348
2018-03-02,86.6456,88.1327,85.9655,88.0374,34699342.513724
2018-03-05,87.3663,89.1899,87.2899,88.5963,25262236.102867
2018-03-06,89.2586,89.4005,87.9352,88.2936,23438188.710278
2018-03-07,88.1417,88.8803,87.4516,88.8048,28237010.633906
2018-03-08,89.1899,89.9793,88.7126,89.3439,27361557.010253
2018-03-09,90.156,91.3404,89.882,91.3404,39040004.800649
2018-03-12,91.3017,91.9727,90.8668,91.5578,27558057.628634
2018-03-13,91.7762,92.0026,88.908,89.3261,37402358.962986
2018-03-14,89.9982,90.2701,88.4633,88.795,33961176.11874
2018-03-15,88.4931,89.4868,87.8309,89.1066,29182823.282335
2018-03-16,89.5791,90.2414,88.8624,89.5058,51875355.408534
2018-03-19,88.6907,88.8426,87.1469,87.8865,35242281.501595
2018-03-20,88.0374,88.7166,87.9917,88.1139,24388858.498541
2018-03-21,87.9252,88.9855,87.2452,87.4993,25849364.788905
2018-03-22,86.3507,86.8104,84.8297,84.953,40802387.065999
2018-03-23,84.6799,85.5883,82.3886,82.4848,46577686.488323
2018-03-26,85.7282,88.9379,85.5297,88.7264,59607310.602154
2018-03-27,89.8265,90.015,83.7407,84.6511,59789345.566209
2018-03-28,84.9817,86.316,84.0862,84.5757,55489905.508774
2018-03-29,85.3222,87.3186,83.6395,86.3557,48478676.536122
2018-04-02,85.5982,85.9844,82.7957,83.7507,51277281.537627
2018-04-03,84.7504,85.2001,83.1561,84.8774,39332328.669237
2018-04-04,83.1194,87.7645,83.0051,87.3583,37584298.234738
2018-04-05,87.4556,88.0514,86.4798,87.405,31466722.554455
2018-04-06,86.5602,87.4805,84.66,85.3709,40190729.924524
2018-04-09,86.1392,88.1507,85.7372,85.8802,33329096.225264
2018-04-10,87.414,88.2568,86.7042,87.8765,28473503.583865
2018-04-11,86.9127,88.2667,86.5523,86.9127,26288018.305138
2018-04-12,87.4516,89.0898,87.4516,88.5418,28282197.546596
2018-04-13,88.9855,89.1066,87.4606,88.0662,24675095.329381
2018-04-16,89.0044,89.5614,88.3869,89.0977,21443031.392756
2018-04-17,89.882,91.3404,89.7698,90.8955,28295007.22044
2018-04-18,91.0365,91.5101,90.3764,91.247,22241230.102105
2018-04-19,91.247,91.8397,90.2037,90.9323,24893329.180669
2018-04-20,90.7427,90.9323,88.9855,89.882,32927917.829399
2018-04-23,90.5889,91.1032,89.5355,90.2136,23603123.963458
2018-04-24,91.0585,91.2739,87.4339,88.104,36490209.859411
2018-04-25,88.2757,88.2757,85.4166,87.3386,35649380.732787
2018-04-26,88.513,90.025,88.0851,89.1802,44950115.539218
2018-04-27,92.3431,92.626,88.8525,90.6573,51020831.202444
2018-04-30,91.1418,91.2044,88.1327,88.4832,43887442.443271
2018-05-01,88.1894,90.156,87.7922,89.882,33196959.257061
2018-05-02,89.873,90.0437,88.1694,88.4733,29034859.814528
2018-05-03,87.954,89.8115,87.4706,89.0044,32915364.006553
2018-05-04,88.2936,90.2314,87.9163,90.034,23813976.412693
2018-05-07,90.0437,91.5011,89.9793,91.0365,25622057.292731
2018-05-08,90.6821,90.9819,89.9435,90.6503,24821509.589168
2018-05-09,90.839,91.7484,89.9307,91.7186,28883093.836794
2018-05-10,92.21,92.6736,91.8208,92.6349,23662620.400929
2018-05-11,92.5326,92.5982,91.812,92.4373,17733463.872231
2018-05-14,92.6449,93.3755,92.071,92.7491,20561598.511106
2018-05-15,92.0026,92.5803,91.1518,92.081,25994087.813151
2018-05-16,92.5149,92.5536,91.806,92.3162,18295114.230815
2018-05-17,91.945,92.6866,91.0615,91.394,18149861.373398
2018-05-18,91.2332,92.1087,91.2332,91.5658,18801408.103135
2018-05-21,92.1723,93.1333,91.9827,92.7421,20439548.51891
2018-05-22,92.8205,93.2842,92.3639,92.6478,16249785.942557
2018-05-23,91.8973,93.8203,91.5271,93.7528,22364067.793047
2018-05-24,93.8153,94.0168,91.9926,93.4172,28044810.125427
2018-05-25,93.4084,94.0536,92.9903,93.4648,19325568.23204
2018-05-29,92.9715,93.9583,92.3916,93.1333,30172371.342311
2018-05-30,93.4172,94.3107,93.035,94.0268,23318887.605393
2018-05-31,94.3485,95.0185,93.7031,93.9196,35928721.674098
2018-06-01,94.3395,95.8366,94.2382,95.77,30156210.423292
2018-06-04,96.2198,96.7907,95.8276,96.609,28710258.428548
2018-06-05,96.9256,97.2493,96.471,97.1133,24745761.576811
2018-06-06,97.3922,97.5005,96.8294,97.4022,22229045.953736
2018-06-07,97.5512,97.5909,95.3899,95.8555,29710611.660448
2018-06-08,96.057,96.877,95.5348,96.5692,23325831.844717
2018-06-11,96.326,96.5306,95.6559,96.0173,24721022.598308
2018-06-12,96.0669,96.4025,95.7403,96.2675,19284851.660824
2018-06-13,96.6577,96.9356,95.5536,95.8276,31037304.856377
2018-06-14,96.5891,96.9555,95.9696,96.3737,27037194.351385
2018-06-15,96.4611,96.471,95.094,95.1497,69181066.628758
2018-06-18,95.0375,96.0768,94.4726,95.8366,24821149.987567
2018-06-19,94.6929,95.9696,94.5499,95.8366,30153542.118974
2018-06-20,96.326,97.432,96.0848,96.8005,27551783.23543
2018-06-21,96.9951,97.3734,95.8555,96.1047,24412989.075455
2018-06-22,95.4187,95.7503,94.6691,95.4187,40961360.185068
2018-06-25,95.0275,95.1307,92.4592,93.4937,37288841.702342
2018-06-26,93.9007,95.104,93.8363,94.1489,28305750.94783
2018-06-27,94.6254,95.0463,92.5536,92.6866,32937365.177908
2018-06-28,92.5346,94.1787,92.4215,93.723,28046267.670292
2018-06-29,94.007,94.9431,93.4361,93.7031,29522252.946105
2018-07-02,93.2207,95.085,93.1234,95.0375,20589043.063561
2018-07-03,95.4762,95.6182,94.0168,94.1221,15438501.562615
2018-07-05,94.5499,94.9521,94.1022,94.7951,19971175.995275
2018-07-06,94.9133,96.3836,94.7108,96.1235,20241872.396133
2018-07-09,96.5891,97.1729,96.2099,96.7808,19165672.437712
2018-07-10,96.9256,97.422,96.7907,97.0458,20303447.874795
2018-07-11,96.1145,97.2593,96.0669,96.9058,20673365.106252
2018-07-12,97.6702,99.2269,97.6306,99.0085,25610306.277941
2018-07-13,99.1872,100.358,98.9093,100.2,25944510.134691
2018-07-16,100.181,100.528,99.3262,99.7038,22927811.294845
2018-07-17,99.4155,101.183,99.1376,100.656,27258102.550717
2018-07-18,100.646,100.746,99.5049,99.9114,31038412.872515
2018-07-19,99.724,100.091,98.7146,99.217,42275282.991361
2018-07-20,102.722,102.84,100.775,100.954,58973367.226991
2018-07-23,100.984,102.78,100.825,102.613,31262595.763179
2018-07-24,103.178,103.387,101.917,102.315,27694720.339119
2018-07-25,102.593,105.61,102.255,105.322,32410837.923617
2018-07-26,105.243,105.471,104.052,104.17,33014946.453329
2018-07-27,104.717,104.717,100.835,102.334,38943117.854952
2018-07-30,101.848,102.185,99.5545,100.151,36483776.314798
2018-07-31,101.173,101.401,100.161,100.775,29103347.299317
2018-08-01,100.726,101.133,100.19,100.964,24866045.794199
2018-08-02,100.181,102.731,99.6341,102.225,27471239.527771
2018-08-03,102.453,102.692,101.49,102.682,19636730.389552
2018-08-06,102.76,103.05,102.215,102.77,21327199.38567
2018-08-07,103.168,103.654,102.81,103.446,16922273.170017
2018-08-08,103.883,104.29,103.337,104.042,16298523.543326
2018-08-09,104.26,104.697,104.15,104.22,14393435.850389
2018-08-10,103.973,104.24,103.01,103.556,19135936.306426
2018-08-13,103.793,104.131,102.741,102.85,19442344.067417
2018-08-14,103.168,104.29,102.682,104.111,17667454.314442
2018-08-15,103.476,103.963,101.888,102.712,31431934.876866
2018-08-16,103.297,103.833,102.364,102.692,22417833.77251
2018-08-17,102.423,102.95,101.758,102.633,18934459.688295
2018-08-20,102.563,102.95,101.56,101.937,18780027.420818
2018-08-21,101.987,102.413,100.945,101.073,23987785.867853
2018-08-22,100.945,102.403,100.875,102.126,18870645.009748
2018-08-23,102.215,103.207,101.937,102.613,19045805.237309
2018-08-24,102.722,103.536,102.613,103.387,18066973.707963
2018-08-27,104.24,104.597,103.496,104.557,20612648.843741
2018-08-28,104.866,105.402,104.737,105.184,20077159.753468
2018-08-29,105.352,106.881,105.194,106.872,21824220.170201
2018-08-30,106.524,107.417,106.295,106.802,23900610.179963
2018-08-31,106.534,107.566,106.375,107.139,24345112.006831
2018-09-04,105.73,106.802,105.144,106.564,23728617.871268
2018-09-05,105.889,106.275,103.138,103.476,34461137.175186
2018-09-06,103.257,103.963,102.563,103.714,24612343.339038
2018-09-07,103.237,103.704,102.295,103.227,23586050.442057
2018-09-10,103.813,104.597,103.357,104.34,21729726.539361
2018-09-11,103.873,106.444,103.863,106.107,25476326.981087
2018-09-12,106.285,106.702,105.412,106.564,19804108.314673
2018-09-13,106.961,108.489,106.961,107.695,27314939.749456
2018-09-14,108.132,108.489,107.249,108.142,20046570.449755
2018-09-17,108.449,108.459,106.712,106.981,21738751.834451
2018-09-18,107.02,108.459,106.574,107.993,23242498.958251
2018-09-19,107.834,108.092,105.909,106.554,22778606.848964
2018-09-20,107.099,108.559,106.782,108.33,24860680.981514
2018-09-21,108.757,109.979,108.272,108.996,74672369.427416
2018-09-24,107.815,109.601,107.049,109.373,28655587.905003
2018-09-25,109.502,109.79,108.509,109.164,23763601.969902
2018-09-26,109.184,109.75,108.499,108.738,20287347.393019
2018-09-27,109.482,109.611,108.946,109.125,20014019.957477
2018-09-28,108.936,109.273,108.439,109.096,22694092.414381
2018-10-01,109.453,110.356,109.433,110.286,19795736.749105
2018-10-02,109.989,110.515,109.155,109.839,21791927.543498
2018-10-03,110.098,110.833,109.631,109.859,17452648.26217
2018-10-04,109.313,109.463,106.484,107.576,36504720.841672
2018-10-05,107.427,107.953,105.541,106.971,30473814.183717
2018-10-08,106.514,106.881,104.3,105.73,31073176.375206
2018-10-09,106.007,107.864,105.68,107.079,27464823.107044
2018-10-10,106.107,106.355,100.885,101.252,64342750.980815
2018-10-11,100.468,103.903,99.4056,101.004,66992899.950977
2018-10-12,103.983,106.107,102.185,104.528,50049578.503483
2018-10-15,103.883,104.44,102.016,102.652,33618018.484308
2018-10-16,104.499,106.266,103.923,105.879,33137945.310254
2018-10-17,106.534,106.662,104.508,105.6,27831371.969441
2018-10-18,105.024,105.432,102.88,103.486,34077281.100711
2018-10-19,103.903,105.74,103.227,103.634,34370061.270491
2018-10-22,104.29,105.442,103.247,104.587,27828608.980107
2018-10-23,102.82,103.943,100.269,103.138,45885939.925806
2018-10-24,103.397,103.476,96.9058,97.6106,66986061.476828
2018-10-25,101.63,104.24,101.242,103.297,64626330.587498
2018-10-26,100.795,103.724,99.9513,102.026,58206643.226977
2018-10-29,103.138,103.674,96.9455,99.068,57828087.498792
2018-10-30,98.8794,99.5744,95.4961,98.9489,68509414.442549
2018-10-31,100.548,103.168,100.508,101.878,53530329.611311
2018-11-01,102.116,102.383,100.646,101.014,34997724.208725
2018-11-02,101.56,102.383,100.151,101.252,39501351.49468
2018-11-05,101.451,102.79,100.994,102.563,29271675.096456
2018-11-06,102.443,103.813,101.371,102.77,25516658.768517
2018-11-07,104.4,107.059,104.36,106.812,39733567.502347
2018-11-08,106.652,107.039,105.789,106.603,26883534.673341
2018-11-09,105.73,106.305,103.734,104.528,33587741.439688
2018-11-12,104.38,104.886,101.193,101.937,35246812.280314
2018-11-13,102.603,103.714,101.709,102.007,37084303.937808
2018-11-14,103.546,103.704,100.101,100.538,41225921.198383
2018-11-15,100.558,103.277,99.5545,102.79,40192562.180301
2018-11-16,102.593,104.31,102.324,103.734,34970272.605257
2018-11-19,103.714,104.003,99.217,100.24,46736007.892446
2018-11-20,97.5312,98.6461,95.1804,97.4519,66859401.13021
2018-11-21,99.2666,100.061,97.9531,98.7801,29363377.533914
2018-11-23,97.8846,99.4552,97.7269,98.7444,14428863.155478
2018-11-26,100.388,102.156,100.2,101.997,33753218.613489
2018-11-27,101.798,102.84,100.915,102.652,30400795.92021
2018-11-28,103.357,106.662,103.327,106.454,48838853.298438
2018-11-29,105.69,106.444,104.46,105.57,29355624.442809
2018-11-30,106.047,106.305,104.757,106.226,35140938.316447
2018-12-03,108.262,108.669,106.077,107.377,36254851.115062
2018-12-04,107.229,107.913,103.654,103.963,47177631.899216
2018-12-06,101.371,104.667,100.568,104.617,51259443.48509
2018-12-07,103.823,104.847,99.9413,100.418,47018920.674871
2018-12-10,100.398,103.436,99.5346,103.089,42589553.637785
2018-12-11,105.194,106.285,102.95,104.033,44239233.537995
2018-12-12,106.226,106.603,104.469,104.508,37768652.981672
2018-12-13,104.975,106.206,104.071,104.847,32706467.709446
2018-12-14,103.694,104.687,101.053,101.57,49104687.523024
2018-12-17,100.964,101.351,97.4519,98.5747,59453329.59943
2018-12-18,99.4056,100.141,98.2083,99.6143,51480489.682796
2018-12-19,99.3162,102.403,97.1033,99.346,71186807.514974
2018-12-20,98.7246,99.9513,94.6344,97.2593,73416409.967174
2018-12-21,97.3734,98.6749,93.3697,94.1062,116116982.79285
2018-12-24,93.5781,93.855,90.034,90.1768,45860547.217781
2018-12-26,91.1468,96.4611,90.016,96.3359,53897563.429139
2018-12-27,95.1307,96.9455,92.3529,96.9356,51667659.798007
2018-12-28,97.8152,98.1101,95.3412,96.1712,39841988.896042
2018-12-31,97.0458,98.1001,96.2198,97.3148,34627524.936796
2019-01-02,95.37,97.4816,94.7852,96.877,36877567.264883
2019-01-03,95.8913,95.9796,93.1194,93.311,44444305.164851
2019-01-04,95.5348,98.1985,94.7754,97.6603,45991469.397381
2019-01-07,97.3824,98.939,96.7421,97.7854,37218679.098611
2019-01-08,98.7146,99.6143,97.4519,98.4854,32895459.000275
2019-01-09,99.5049,100.458,98.9191,99.9114,33695469.819655
2019-01-10,98.8893,99.4056,98.0812,99.2666,31385193.71972
2019-01-11,98.8596,99.1077,97.3824,98.4854,29555002.881289
2019-01-14,97.6306,98.5548,97.016,97.7755,29683264.81487
2019-01-15,98.1985,100.616,97.6106,100.578,32971865.778589
2019-01-16,100.815,101.778,100.528,100.935,31162137.983655
2019-01-17,100.568,102.146,100.368,101.66,29637271.064975
2019-01-18,102.97,103.367,101.451,103.207,39067760.60491
2019-01-22,102.275,102.613,100.448,101.233,33789844.590581
2019-01-23,101.66,102.553,100.895,102.235,27008171.379577
2019-01-24,102.383,102.513,100.895,101.728,24179982.347183
2019-01-25,102.751,103.347,102.116,102.682,32586254.002178
2019-01-28,101.788,102.007,100.269,100.646,30768463.878908
2019-01-29,100.458,100.538,97.8846,98.6164,32870543.746476
2019-01-30,100.24,101.907,99.9713,101.907,51639850.607514
2019-01-31,99.4552,100.775,98.8496,100.061,58074521.368085
2019-02-01,99.4255,99.7439,98.0515,98.4654,37092956.53656
2019-02-04,98.5548,101.351,98.4555,101.292,32687598.194614
2019-02-05,101.6,102.78,101.5,102.731,28522831.45505
2019-02-06,102.513,102.513,101.083,101.57,21512932.101766
2019-02-07,100.746,101.143,99.9314,100.825,31064887.407207
2019-02-08,100.031,101.331,99.9015,101.223,22401573.132038
2019-02-11,101.728,102.106,100.538,100.805,19742988.129916
2019-02-12,101.679,102.652,101.034,102.413,26154639.351572
2019-02-13,103.01,103.257,102.235,102.334,19200977.861025
2019-02-14,101.838,102.8,101.213,102.423,22739365.953786
2019-02-15,103.367,103.744,102.88,103.664,27772868.717345
2019-02-19,103.267,104.101,103.257,103.614,18828949.355181
2019-02-20,103.764,103.843,102.265,103.109,22458660.138051
2019-02-21,102.87,105.332,102.84,105.273,30207845.989907
2019-02-22,105.879,106.99,105.65,106.772,28856634.411414
2019-02-25,107.516,107.933,107.049,107.357,24685984.106157
2019-02-26,107.049,108.956,106.961,108.102,22384929.722354
2019-02-27,107.447,108.102,106.682,107.923,22333301.206752
2019-02-28,107.795,108.609,107.486,107.785,30229366.685173
2019-03-01,108.619,108.748,107.427,108.262,24426729.482857
2019-03-04,108.748,108.966,106.603,108.013,27655932.72327
2019-03-05,108.003,108.132,107.02,107.456,20307809.429229
2019-03-06,107.626,108.39,107.199,107.506,18383574.210139
2019-03-07,107.169,107.319,105.7,106.196,26336893.90428
2019-03-08,105.024,106.514,104.687,106.315,23717102.561731
2019-03-11,106.792,108.679,106.782,108.559,27534955.492153
2019-03-12,108.549,109.671,108.38,109.303,27161917.684337
2019-03-13,109.81,110.653,109.463,110.167,36912433.510891
2019-03-14,110.206,110.843,109.999,110.256,31974942.36028
2019-03-15,110.971,112.818,110.256,111.508,56782217.971223
2019-03-18,111.765,113.155,111.646,113.115,32436666.787087
2019-03-19,113.602,113.949,112.56,113.195,39069076.122253
2019-03-20,112.938,114.248,112.292,113.065,29220549.217265
2019-03-21,112.698,116.233,112.659,115.677,31030222.61868
2019-03-22,114.972,115.062,112.609,112.619,34948785.150476
2019-03-25,112.143,113.522,111.915,113.205,28133120.018928
2019-03-26,114.118,114.208,112.431,113.433,27125488.128287
2019-03-27,113.394,113.722,111.14,112.351,23628751.369447
2019-03-28,112.987,113.125,111.725,112.501,19056846.114483
2019-03-29,113.582,113.831,112.53,113.462,26400085.071929
2019-04-01,114.445,114.595,113.612,114.505,23686621.03777
2019-04-02,114.545,114.952,114.029,114.675,18856806.895469
2019-04-03,115.33,115.875,114.635,115.439,23761084.758693
2019-04-04,115.558,115.687,113.89,114.843,20904966.668605
2019-04-05,114.872,115.687,114.853,115.359,16449542.113811
2019-04-08,115.28,115.489,114.138,115.399,15711515.731776
2019-04-09,114.128,115.012,114.079,114.764,18305604.121782
2019-04-10,115.23,115.797,115.012,115.647,17126098.782361
2019-04-11,115.985,116.263,115.389,115.777,14768728.974692
2019-04-12,116.074,116.392,115.816,116.362,20522778.662061
2019-04-15,116.352,116.977,116.004,116.451,16414539.884005
2019-04-16,117.037,117.047,115.558,116.194,14625983.255609
2019-04-17,116.64,117.246,115.985,117.167,20061078.410153
2019-04-18,117.574,118.824,116.7,118.685,29093385.226947
2019-04-22,117.961,119.301,117.911,119.062,16265027.20818
2019-04-23,119.401,120.839,119.131,120.71,24971733.409895
2019-04-24,121.048,121.108,119.797,120.283,32487994.123756
2019-04-25,125.138,126.409,123.937,124.255,39531804.814595
2019-04-26,124.78,125.585,124.125,124.969,24586550.737916
2019-04-29,124.979,125.257,124.443,124.85,16967088.393657
2019-04-30,124.89,125.764,124.493,125.674,25118267.536883
2019-05-01,125.605,125.724,122.854,123.033,27878029.521732
2019-05-02,123.123,123.143,120.78,121.436,28427312.405639
2019-05-03,122.517,124.523,122.417,124.007,25892216.809406
2019-05-06,121.603,123.679,121.346,123.292,25194101.168668
2019-05-07,121.673,122.349,119.519,120.78,37436166.549937
2019-05-08,120.71,121.583,120.026,120.77,29538239.604406
2019-05-09,119.578,121.048,118.874,120.77,28308482.711256
2019-05-10,120.184,123.083,119.121,122.299,32132631.187918
2019-05-13,119.41,120.81,118.367,118.665,35281797.386232
2019-05-14,119.171,121.127,119.003,120.006,26261394.691912
2019-05-15,119.996,122.349,119.459,121.703,25601612.380406
2019-05-16,122.388,124.94,122.1,124.503,31182717.87249
2019-05-17,123.897,126.002,123.53,123.66,26686693.591818
2019-05-20,122.16,123.203,121.445,121.873,24549726.325207
2019-05-21,123.053,123.133,122.22,122.527,15836942.151331
2019-05-22,122.259,123.827,122.16,123.282,15943837.504618
2019-05-23,121.853,121.941,120.472,121.843,24442934.722522
2019-05-24,122.537,123.033,121.653,121.892,14625447.378713
2019-05-28,122.606,123.61,121.733,121.833,23950581.707795
2019-05-29,121.098,121.108,119.777,120.671,23572379.537486
2019-05-30,120.978,121.445,120.511,121.426,17427914.320104
2019-05-31,119.966,120.343,119.082,119.439,27594073.189563
2019-06-03,119.588,120.105,114.932,115.727,39333971.554984
2019-06-04,117.127,119.043,116.501,118.924,30427206.995795
2019-06-05,120.681,121.553,119.946,121.515,25812274.452323
2019-06-06,122.08,123.58,121.306,123.43,22221835.790538
2019-06-07,124.75,127.689,123.847,126.885,35090235.497964
2019-06-10,127.839,129.486,127.452,128.036,27418371.041382
2019-06-11,129.298,129.636,126.766,127.55,24763875.626097
2019-06-12,126.885,127.422,126.23,126.975,17700109.564609
2019-06-13,127.432,128.106,127.045,127.759,17812346.562971
2019-06-14,127.699,129.209,127.123,127.889,18455271.919865
2019-06-17,128.066,129.149,127.967,128.275,15033898.389595
2019-06-18,129.586,130.588,128.989,130.509,26856440.656901
2019-06-19,130.37,131.274,129.229,131.035,24588566.32
2019-06-20,132.722,132.921,131.065,132.245,34217268.866897
2019-06-21,131.888,132.991,131.771,132.265,38033583.669461
2019-06-24,132.295,133.646,132.295,133.041,21362206.651912
2019-06-25,132.534,132.852,128.156,128.851,34512223.77017
2019-06-26,129.744,131.085,129.019,129.347,24498788.808759
2019-06-27,129.536,130.092,128.931,129.546,17146107.539241
2019-06-28,129.963,129.993,128.573,129.377,31111010.089889
2019-07-01,131.938,132.008,130.341,131.025,23459526.079237
2019-07-02,131.462,131.898,130.688,131.888,15779556.988247
2019-07-03,132.098,133.001,131.631,132.732,14113823.948769
2019-07-05,131.284,132.614,131.065,132.355,18786065.101484
2019-07-08,131.731,132.385,130.718,132.255,17376274.72434
2019-07-09,131.343,132.265,131.144,131.771,20662440.067129
2019-07-10,132.415,133.825,132.315,133.11,25064837.991413
2019-07-11,133.448,134.45,133.13,133.646,23121711.097165
2019-07-12,134.083,134.361,133.258,134.132,19610045.331794
2019-07-15,134.659,134.748,133.705,134.132,17243423.589371
2019-07-16,134.192,134.282,131.828,132.375,23534053.259266
2019-07-17,132.961,133.189,131.561,131.611,20929464.905421
2019-07-18,130.896,131.928,130.052,131.741,31903970.904769
2019-07-19,135.403,135.83,131.761,131.928,50734063.531146
2019-07-22,132.683,134.42,132.614,133.675,25972393.864452
2019-07-23,134.967,135.185,133.278,134.52,18675724.825293
2019-07-24,134.132,135.9,134.083,135.88,21475531.520664
2019-07-25,135.612,135.78,134.55,135.373,19009477.417287
2019-07-26,135.552,136.823,135.483,136.495,19714394.262539
2019-07-29,136.654,136.664,134.59,136.187,17196216.05816
2019-07-30,135.324,136.377,135.007,135.533,17445428.026098
2019-07-31,135.513,135.671,130.429,131.611,39970988.163998
2019-08-01,132.295,136.097,132.227,133.308,41999339.630446
2019-08-02,133.338,133.567,130.608,132.197,31886279.916191
2019-08-05,128.722,129.347,126.299,127.659,44269315.168859
2019-08-06,129.219,131.025,128.632,130.072,33859031.132823
2019-08-07,129.209,130.995,127.282,130.628,34602440.458715
2019-08-08,131.908,134.222,131.274,134.123,28474019.315014
2019-08-09,133.845,134.609,131.771,132.971,24300952.527286
2019-08-12,132.365,133.12,130.588,131.134,21212576.123462
2019-08-13,131.392,134.033,130.37,133.835,26403010.234534
2019-08-14,132.108,132.663,129.516,129.824,33571816.22592
2019-08-15,130.221,130.39,128.116,129.526,29028621.68367
2019-08-16,130.678,132.207,130.519,131.888,25829830.464388
2019-08-19,133.567,134.242,132.624,134.103,25153167.023373
2019-08-20,133.905,134.4,132.961,132.981,21869450.39625
2019-08-21,134.242,135.145,133.705,134.48,15463450.056898
2019-08-22,134.351,134.867,132.038,133.488,19310496.190698
2019-08-23,132.911,134.043,128.662,129.248,39752251.676298
2019-08-26,130.787,131.353,129.744,131.244,20977988.961261
2019-08-27,132.138,132.465,130.459,131.531,23857960.62423
2019-08-28,130.678,131.551,129.407,131.353,17969950.778467
2019-08-29,132.971,134.132,132.654,133.825,20827759.096808
2019-08-30,134.817,134.847,132.028,133.567,24715118.886866
2019-09-03,132.355,132.921,131.491,131.8,19487100.868388
2019-09-04,133.021,133.398,132.227,133.338,18593846.461831
2019-09-05,134.778,136.019,134.45,135.701,26958309.646071
2019-09-06,135.681,135.81,133.895,134.768,21493252.727863
2019-09-09,135.244,135.403,132.207,133.229,26601625.149166
2019-09-10,132.544,132.624,130.331,131.838,29831567.738528
2019-09-11,131.691,132.028,130.886,131.878,25520160.099514
2019-09-12,133.557,134.113,132.614,133.229,27877366.726624
2019-09-13,133.488,133.765,132.315,133.041,24113327.118171
2019-09-16,131.621,132.445,131.452,132.078,17268745.787278
2019-09-17,132.693,133.229,132.168,133.11,18553568.060633
2019-09-18,133.081,134.361,132.275,134.212,25259313.962124
2019-09-19,135.93,137.944,135.721,136.694,37254564.719464
2019-09-20,136.634,137.24,133.944,135.105,41326617.70502
2019-09-23,134.897,135.284,134.132,134.807,17967418.457947
2019-09-24,135.99,136.317,132.624,133.1,30980611.699736
2019-09-25,133.219,135.602,131.79,135.026,23268023.620925
2019-09-26,135.105,135.81,134.132,135.195,18385566.624612
2019-09-27,135.79,135.99,132.385,133.438,23221479.892109
2019-09-30,133.755,134.877,133.488,134.698,19022253.850648
2019-10-01,135.314,135.88,132.732,132.802,23307114.430281
2019-10-02,132.008,132.118,129.436,130.449,33029453.40644
2019-10-03,130.748,132.495,129.079,132.038,27226948.158774
2019-10-04,132.495,133.944,132.168,133.825,24605122.09568
2019-10-07,132.862,133.875,132.752,132.852,17134410.917972
2019-10-08,132.812,133.468,131.412,131.462,27643443.366818
2019-10-09,133.18,134.39,132.703,133.935,20826485.885537
2019-10-10,134.182,135.324,133.944,134.768,18987386.597354
2019-10-11,135.76,136.654,135.155,135.334,26371598.984303
2019-10-14,135.344,135.92,135.175,135.205,14028116.885906
2019-10-15,135.711,137.379,135.463,137.16,20557393.086218
2019-10-16,136.417,136.614,135.185,136.039,21510987.029798
2019-10-17,136.574,137.011,134.688,135.344,22812597.762222
2019-10-18,135.413,135.651,132.305,133.13,33321196.0702
2019-10-21,134.142,134.192,132.742,134.123,21381305.828272
2019-10-22,134.649,135.661,132.018,132.118,28832369.865275
2019-10-23,132.624,133.17,131.402,132.961,32388042.002506
2019-10-24,135.056,136.049,134.361,135.592,38475539.073787
2019-10-25,135.007,136.764,134.867,136.357,26793382.451189
2019-10-28,139.901,141.142,139.027,139.702,36413107.045504
2019-10-29,139.593,139.999,138.212,138.391,21250669.718294
2019-10-30,139.037,140.496,138.352,140.109,19090583.191315
2019-10-31,140.396,140.426,138.551,138.908,25395292.724465
2019-11-01,139.771,139.921,138.521,139.236,34192234.753186
2019-11-04,140.328,140.496,139.672,140.049,17455102.014271
2019-11-05,140.466,140.516,139.424,139.96,18836250.174243
2019-11-06,139.871,140.019,138.739,139.573,17108105.607564
2019-11-07,139.354,140.376,139.285,139.771,18357907.519941
2019-11-08,139.494,141.449,139.275,141.429,17290936.328664
2019-11-11,140.823,141.866,140.229,141.569,14831657.240329
2019-11-12,141.727,142.988,141.519,142.491,19247588.07081
2019-11-13,142.163,142.879,141.727,142.73,18004427.20425
2019-11-14,142.443,143.792,142.423,143.455,20389506.480959
2019-11-15,144.288,145.321,143.653,145.302,24263757.432816
2019-11-18,145.4,145.868,144.338,145.668,22246961.567402
2019-11-19,146.195,146.632,145.529,145.708,24729610.730667
2019-11-20,146.135,146.652,144.328,145.46,26455999.595411
2019-11-21,145.242,145.639,144.368,145.321,19107610.377497
2019-11-22,145.897,146.125,144.665,145.43,16294963.78966
2019-11-25,145.828,147.158,145.748,147.039,23070345.483573
2019-11-26,147.168,148.17,147.128,147.802,25339995.668158
2019-11-27,148.091,148.239,147.316,148.081,15610031.526393
2019-11-29,147.872,148.061,147.088,147.187,12320012.302016
2019-12-02,147.585,147.605,144.19,145.391,28259732.015751
2019-12-03,143.385,145.272,142.571,145.152,25912980.024547
2019-12-04,145.966,146.006,145.043,145.678,18083659.423717
2019-12-05,145.877,146.145,145.321,145.758,18392226.808891
2019-12-06,146.8,147.644,146.095,147.525,16879959.040987
2019-12-09,146.879,147.972,146.722,147.168,17220377.860985
2019-12-10,146.969,147.664,146.572,146.939,16952640.870504
2019-12-11,147.336,147.644,146.155,147.485,19399651.198327
2019-12-12,147.445,149.163,146.829,148.964,25350555.061954
2019-12-13,148.746,150.593,148.567,150.235,24532492.645109
2019-12-16,150.811,151.585,150.524,151.228,24843865.325687
2019-12-17,151.148,151.397,150.156,150.394,26171552.714279
2019-12-18,150.007,151.178,149.888,150.077,24822889.572904
2019-12-19,149.709,151.457,149.461,151.397,26552447.363803
2019-12-20,152.955,154.087,151.943,153.015,55133283.463687
2019-12-23,153.72,153.72,152.876,153.015,18233492.416934
2019-12-24,153.085,153.313,152.728,152.985,9246360.4253806
2019-12-26,153.164,154.326,153.005,154.266,14942592.823372
2019-12-27,155.03,155.13,153.82,154.543,18941249.812648
2019-12-30,154.563,154.603,152.36,153.193,16824741.560385
2019-12-31,152.39,153.373,152.081,153.303,18919682.782162
2020-01-02,154.365,156.231,153.928,156.133,23282199.176481
2020-01-03,153.918,155.517,153.66,154.216,21726044.903921
2020-01-06,152.688,154.683,152.141,154.613,21422624.757354
2020-01-07,154.9,155.249,152.925,153.183,22507852.025438
2020-01-08,154.514,156.301,153.551,155.656,28556393.263876
2020-01-09,157.324,157.691,156.53,157.572,22012278.712898
2020-01-10,158.296,158.694,156.677,156.837,21327215.502269
2020-01-13,157.254,158.783,156.757,158.753,22256116.802566
2020-01-14,158.852,159.061,157.214,157.612,24173221.434165
2020-01-15,158.097,159.399,158.049,158.654,22030710.057714
2020-01-16,159.776,161.613,159.489,161.543,24548230.50342
2020-01-17,162.764,162.813,160.819,162.456,35355150.069155
2020-01-21,162.049,163.508,161.801,161.87,30361779.650123
2020-01-22,162.744,162.833,161.056,161.076,24829471.188765
2020-01-23,161.563,162.168,160.659,162.089,20243901.072954
2020-01-24,162.853,162.873,159.875,160.431,25631109.78458
2020-01-27,156.649,158.842,155.754,157.76,32995930.881823
2020-01-28,159.239,161.126,158.545,160.849,25612413.523179
2020-01-29,163.181,164.065,161.066,163.36,36132897.822457
2020-01-30,169.207,169.207,166.03,167.976,53073852.144564
2020-01-31,167.42,167.609,164.858,165.495,37176857.533118
2020-02-03,165.682,169.644,165.652,169.534,31011720.763746
2020-02-04,172.225,175.62,171.401,175.113,37475822.447524
2020-02-05,178.906,179.075,173.436,174.896,40307580.299169
2020-02-06,175.947,178.698,175.054,178.509,28545444.049856
2020-02-07,177.755,180.465,177.397,178.767,34488457.831292
2020-02-10,178.459,183.592,178.152,183.453,36869894.75677
2020-02-11,185.349,185.399,178.379,179.313,54680994.297942
2020-02-12,180.416,180.683,176.792,179.582,48409554.460273
2020-02-13,177.982,181.051,177.775,178.589,36305770.500336
2020-02-14,178.152,180.256,177.556,180.206,23811905.429801
2020-02-18,180.445,182.471,180.346,182.004,28650087.108521
2020-02-19,183.334,183.444,181.766,182.56,30771755.694125
2020-02-20,182.231,182.53,176.543,179.789,37813851.98181
2020-02-21,178.549,178.876,172.801,174.091,49854838.623472
2020-02-24,163.548,170.17,159.141,166.596,70074284.772969
2020-02-25,169.823,170.448,163.428,163.846,69830376.173183
2020-02-26,165.435,168.889,163.985,165.882,57842590.422753
2020-02-27,159.229,162.833,154.008,154.206,95579899.64245
2020-02-28,148.567,159.606,148.17,157.929,99579182.157202
2020-03-02,161.136,168.571,158.227,168.442,72864229.117422
2020-03-03,169.425,170.587,158.177,160.352,73527117.903265
2020-03-04,164.253,166.408,161.443,166.258,51100172.20895
2020-03-05,161.86,166.576,161.513,162.089,49051489.653654
2020-03-06,158.525,159.022,152.061,157.502,74700685.283472
2020-03-09,147.217,153.78,146.235,146.839,72236908.656903
2020-03-10,154.186,156.967,148.736,156.857,67041287.015731
2020-03-11,153.164,153.73,147.356,149.758,57962769.88225
2020-03-12,141.647,149.6,135.095,135.562,95632686.538561
2020-03-13,143.782,157.83,137.18,154.842,95120888.847896
2020-03-16,136.485,145.599,131.621,132.008,90174858.922011
2020-03-17,136.485,143.782,131.621,142.889,83152100.537799
2020-03-18,134.54,142.323,131.641,136.873,83699222.790237
2020-03-19,139.166,146.382,135.503,139.106,88140461.7166
2020-03-20,142.323,143.395,132.435,133.895,87056747.394188
2020-03-23,133.557,137.021,129.189,132.554,81013653.566
2020-03-24,140.129,145.838,137.717,144.597,84646615.872594
2020-03-25,145.162,150.454,140.803,143.226,77590568.654439
2020-03-26,144.655,152.698,144.625,152.171,66364293.184449
2020-03-27,147.932,151.01,145.45,145.936,58514643.509344
2020-03-30,148.597,156.54,146.245,156.172,65057304.544607
2020-03-31,155.407,160.619,152.608,153.74,79938611.988087
2020-04-01,149.144,153.78,147.039,148.269,59466221.870843
2020-04-02,148.032,151.585,146.582,151.367,50911783.275986
2020-04-03,151.218,153.412,148.349,149.957,42307839.527363
2020-04-06,156.261,162.317,153.61,161.096,68843957.755152
2020-04-07,165.305,165.712,159.169,159.399,64389207.075627
2020-04-08,161.493,162.486,159.409,160.956,49565404.662431
2020-04-09,162.178,163.171,159.239,160.966,52759311.545118
2020-04-13,160.212,161.393,158.217,161.334,42986905.348823
2020-04-14,164.739,169.376,163.776,169.327,54239109.403734
2020-04-15,166.894,169.197,164.978,167.559,41997580.906648
2020-04-16,169.921,172.83,168.551,172.593,51782569.129836
2020-04-17,174.985,175.47,171.441,174.1,54127590.601289
2020-04-20,172.195,174.25,170.577,170.647,37616096.28333
2020-04-21,169.127,169.297,161.93,163.598,57654456.3335
2020-04-22,167.072,169.624,166.527,169.147,35546016.929119
2020-04-23,169.734,170.647,166.615,167.102,33637187.163498
2020-04-24,167.737,170.18,166.417,170.17,35190796.020804
2020-04-27,172.156,172.453,168.929,169.674,34051184.298795
2020-04-28,171.163,171.241,165.128,165.534,35280425.460795
2020-04-29,168.86,173.198,167.559,172.98,52610347.840925
2020-04-30,175.47,175.868,171.798,174.697,55266479.090946
2020-05-01,171.371,174.14,169.634,170.19,40386689.629574
2020-05-04,170.111,174.499,169.425,174.34,31156833.608215
2020-05-05,176.077,179.025,175.373,176.216,37790044.744151
2020-05-06,177.487,179.572,177.07,177.944,32968866.076716
2020-05-07,179.542,179.919,177.982,178.976,29046874.738616
2020-05-08,180.336,180.356,178.738,180.049,31710542.51295
2020-05-11,178.529,182.788,178.242,182.024,31690050.258117
2020-05-12,182.083,182.321,177.705,177.914,32865154.758896
2020-05-13,177.952,179.422,172.106,175.233,45865562.501737
2020-05-14,173.079,176.147,171.251,175.987,42954742.662195
2020-05-15,174.547,182.341,172.553,178.539,47813471.996552
2020-05-18,181.081,181.517,179.333,180.266,36217941.082925
2020-05-19,180.386,181.894,178.866,179.006,27490844.362405
2020-05-20,180.663,181.676,179.819,181.498,31979174.981928
2020-05-21,181.249,182.471,179.175,179.313,29788171.782833
2020-05-22,179.075,180.326,178.429,179.392,21305137.777072
2020-05-26,182.143,182.301,177.04,177.487,36901952.68551
2020-05-27,176.157,177.904,172.642,177.725,40424561.621177
2020-05-28,176.682,180.019,176.335,177.338,34608688.662446
2020-05-29,178.619,180.137,176.355,179.135,43114517.582032
2020-06-01,178.429,178.886,177.387,178.718,23189354.475113
2020-06-02,180.117,180.852,177.288,180.763,31501708.667662
2020-06-03,180.673,181.756,179.462,181.209,27938146.448241
2020-06-04,180.166,181.666,178.212,178.806,29422255.496922
2020-06-05,178.509,183.512,177.924,182.996,40809705.008948
2020-06-08,181.756,184.328,180.306,184.138,33974214.446824
2020-06-09,183.781,186.412,183.056,185.548,30467831.903858
2020-06-10,186.828,194.066,186.72,192.428,44879749.463433
2020-06-11,188.794,191.366,181.884,182.073,54068352.029391
2020-06-12,186.253,187.414,181.031,183.522,44369557.388881
2020-06-15,180.435,186.53,179.889,184.704,33522833.854313
2020-06-16,188.557,191.187,187.157,189.231,43533867.442565
2020-06-17,190.641,191.921,189.35,189.877,26277680.514569
2020-06-18,189.648,192.09,189.648,191.921,23591202.717099
2020-06-19,194.136,194.8,190.006,190.76,45461624.1384
2020-06-22,191.396,196.26,190.839,196.071,33572537.443698
2020-06-23,197.56,199.357,196.915,197.382,31627390.938217
2020-06-24,197.084,198.702,192.159,193.4,37584307.300325
2020-06-25,193.36,196.111,191.078,195.843,28442382.432406
2020-06-26,195.237,195.396,190.492,191.931,55931277.693694
2020-06-29,191.386,194.076,189.211,193.986,27314722.175378
2020-06-30,193.44,199.804,193.302,198.93,35098136.660317
2020-07-01,198.592,201.721,197.242,200.102,32797414.681356
2020-07-02,201.054,203.348,200.399,201.631,29988927.183186
2020-07-06,204.132,206.396,203.418,205.97,32630081.076881
2020-07-07,205.72,209.841,203.318,203.577,34372292.412078
2020-07-08,205.343,208.48,204.013,208.064,34371568.172438
2020-07-09,211.489,211.539,206.733,209.494,33882241.049057
2020-07-10,208.819,209.255,206.346,208.857,26778738.506992
2020-07-13,209.652,210.962,201.869,202.435,39011299.124371
2020-07-14,201.501,204.152,197.501,203.675,38455024.658632
2020-07-15,204.838,206.594,200.429,203.368,32918331.47523
2020-07-16,200.777,201.074,197.769,199.327,30628166.875491
2020-07-17,199.874,200.439,196.875,198.335,32361709.495338
2020-07-20,200.399,207.537,198.464,206.863,37731807.415928
2020-07-21,208.857,209.127,203.358,204.053,38980784.359926
2020-07-22,204.5,207.537,203.715,207.011,50744767.974327
2020-07-23,202.554,206.187,197.619,197.998,69006022.239247
2020-07-24,195.922,198.315,193.083,196.785,40741519.710379
2020-07-27,196.955,199.377,196.359,199.258,30853437.636544
2020-07-28,199.029,200.102,197.212,197.491,23785298.940462
2020-07-29,197.958,200.052,197.481,199.466,20083418.030073
2020-07-30,196.498,199.864,195.078,199.308,25655488.154194
2020-07-31,199.804,200.499,194.523,200.409,52424754.130493
2020-08-03,206.783,212.759,205.711,211.677,80796662.70736
2020-08-04,209.344,209.94,205.582,208.5,50411652.995257
2020-08-05,210.069,210.169,206.833,208.173,29521289.979353
2020-08-06,207.577,211.529,206.813,211.509,33406728.872343
2020-08-07,210.019,210.863,206.197,207.717,28459249.459892
2020-08-10,206.933,207.14,201.721,203.577,37559567.314535
2020-08-11,202.524,203.011,198.592,198.812,37283364.07347
2020-08-12,200.677,205.552,200.152,204.49,28685265.61362
2020-08-13,204.718,206.614,203.478,204.023,23107568.782092
2020-08-14,204.063,204.867,202.871,204.202,18371320.558936
2020-08-17,204.877,206.456,204.211,205.552,20648250.409549
2020-08-18,205.8,207.597,204.51,206.753,21826100.775774
2020-08-19,207.26,207.846,205.036,205.483,28193808.07739
2020-08-20,205.323,210.685,204.698,210.267,27534485.088938
2020-08-21,209.553,211.906,208.57,208.739,36992276.14652
2020-08-24,210.476,211.201,208.173,209.384,25981971.153036
2020-08-25,208.819,212.253,208.819,212.114,23515993.603501
2020-08-26,213.514,217.635,212.998,216.701,40412476.186971
2020-08-27,218.428,226.51,214.993,222.031,58782795.502235
2020-08-28,223.601,226.003,222.031,224.325,26831788.305114
2020-08-31,222.448,224.116,219.799,220.99,29363902.330648
2020-09-01,220.97,222.896,219.917,222.717,26319846.572351
2020-09-02,223.391,228.187,222.797,227.006,34779350.344487
2020-09-03,224.663,224.703,210.645,212.939,59597246.793757
2020-09-04,210.784,213.971,201.064,209.94,60886931.243383
2020-09-08,202.365,205.81,198.146,198.602,54009054.027538
2020-09-09,203.428,210.526,202.564,207.06,46615212.980349
2020-09-10,209.107,210.426,200.002,201.244,36188324.818837
2020-09-11,203.051,204.431,197.202,199.923,34309140.528638
2020-09-14,200.132,204.986,199.923,201.284,30998341.972522
2020-09-15,204.221,205.562,202.791,204.569,22271240.215565
2020-09-16,206.396,206.426,200.529,200.926,26912985.742294
2020-09-17,196.032,200.221,195.942,198.832,34708343.633915
2020-09-18,198.742,199.546,192.309,196.369,56357210.177375
2020-09-21,193.242,198.652,192.438,198.484,40656201.460451
2020-09-22,200.936,203.924,198.026,203.248,34204022.030321
2020-09-23,203.725,203.924,196.012,196.568,31435126.970632
2020-09-24,195.833,201.442,195.188,199.099,31842012.656896
2020-09-25,199.446,204.828,198.484,203.646,30040651.391092
2020-09-28,206.654,208.302,203.884,205.225,32660900.04212
2020-09-29,205.135,205.85,202.674,203.091,24965890.135698
2020-09-30,203.557,207.727,202.405,206.108,34522439.678963
2020-10-01,209.195,209.682,207.09,208.203,27715049.413392
2020-10-02,203.825,206.763,201.412,202.058,33834314.314643
2020-10-05,203.071,206.187,202.841,206.157,21768765.97706
2020-10-06,204.608,205.96,200.707,201.779,29139499.851331
2020-10-07,202.921,205.89,202.584,205.612,26207406.101935
2020-10-08,206.287,206.962,204.123,206.356,20334231.584975
2020-10-09,207.001,211.539,207.001,211.489,27000323.603455
2020-10-12,214.388,219.372,212.452,216.949,41290654.523037
2020-10-13,218.259,220.671,215.985,218.399,29544211.81139
2020-10-14,218.528,219.709,214.725,216.412,23932373.980782
2020-10-15,212.739,215.917,211.667,215.251,23198995.222803
2020-10-16,215.738,217.832,214.914,215.251,26591958.212004
2020-10-19,215.975,217.842,209.414,209.91,28192053.382743
2020-10-20,211.479,213.008,208.809,210.337,23219862.188547
2020-10-21,208.837,212.561,208.837,210.486,23190669.992457
2020-10-22,209.622,211.706,207.447,210.576,22809560.790716
2020-10-23,210.714,211.936,208.867,211.886,19266559.321669
2020-10-26,209.543,211.986,203.924,205.86,37872190.038774
2020-10-27,207.35,210.357,206.108,208.957,37452524.897286
2020-10-28,203.498,204.628,198.046,198.622,52244884.834343
2020-10-29,199.962,203.188,199.268,200.608,32076798.254714
2020-10-30,199.397,200.181,195.605,198.415,37738047.56136
2020-11-02,200.181,201.154,196.101,198.275,31474296.348404
2020-11-03,199.784,203.944,199.029,202.296,28075911.131139
2020-11-04,209.712,213.931,208.153,212.035,43178989.011964
2020-11-05,217.585,219.61,216.701,218.815,36819625.071868
2020-11-06,217.802,219.847,213.653,219.242,25749040.978603
2020-11-09,219.927,223.541,213.514,214,45304857.98602
2020-11-10,210.189,212.143,205.503,206.783,44947857.200871
2020-11-11,208.133,213.663,207.944,212.193,30044199.057309
2020-11-12,212.849,214.705,210.149,211.122,22059153.839268
2020-11-13,212.016,213.057,209.851,212.153,19012148.743468
2020-11-16,210.556,213.376,210.209,212.869,25464781.452927
2020-11-17,211.756,213.316,209.771,210.149,24649168.759035
2020-11-18,209.9,211.409,207.25,207.38,28878705.085599
2020-11-19,207.677,209.285,206.257,208.7,25234825.798184
2020-11-20,208.49,209.533,206.327,206.713,23250435.375663
2020-11-23,207.27,208.57,204.5,206.436,26141470.076126
2020-11-24,205.92,210.496,205.195,210.109,34585624.802888
2020-11-25,211.349,211.529,208.739,210.119,21387569.141316
2020-11-27,211.092,212.482,210.287,211.469,14770980.262026
2020-11-30,210.347,211.002,207.15,210.317,33654331.195019
2020-12-01,210.754,213.523,209.602,212.422,31482855.269427
2020-12-02,211.122,211.687,209.067,211.599,24147540.641945
2020-12-03,210.853,212.59,209.9,210.486,25568854.386924
2020-12-04,210.466,211.609,209.434,210.605,25105859.77071
2020-12-07,210.615,211.756,209.245,210.536,25041786.219301
2020-12-08,210.219,213.106,209.156,212.223,23683109.633899
2020-12-09,211.399,211.459,207.517,208.094,32998019.995887
2020-12-10,208.064,209.334,206.684,206.843,26938745.102932
2020-12-11,206.376,209.572,205.443,209.514,31531835.62646
2020-12-14,209.245,212.422,209.146,210.446,29311882.987535
2020-12-15,211.399,211.639,208.52,210.377,27499866.635632
2020-12-16,210.992,216.245,210.962,215.44,35647753.96364
2020-12-17,216.005,217.018,214.1,215.578,33095573.765842
2020-12-18,214.755,215.848,212.233,214.755,64484605.25055
2020-12-21,213.743,220.077,213.484,218.696,37844876.43368
2020-12-22,218.795,221.674,217.972,220.017,23047151.683939
2020-12-23,219.212,219.639,216.929,217.148,19033072.117307
2020-12-24,217.545,219.689,217.326,218.855,10738699.012107
2020-12-28,220.504,222.071,219.123,221.01,18253267.483138
2020-12-29,222.35,223.214,219.659,220.205,17713529.654618
2020-12-30,221.277,221.674,217.595,217.802,20633812.959269
2020-12-31,217.822,219.104,215.838,218.528,21315552.121483
2021-01-04,218.637,219.104,211.052,213.881,37792207.390195
2021-01-05,213.464,214.686,211.916,214.08,24247740.555895
2021-01-06,208.461,212.7,208.233,208.53,36571332.757324
2021-01-07,210.287,215.5,209.96,214.458,28188301.237184
2021-01-08,214.845,216.711,213.236,215.778,23365538.106672
2021-01-11,214.636,215.073,212.939,213.683,23457980.900368
2021-01-12,212.71,213.306,209.572,211.171,23663895.626776
2021-01-13,210.267,212.969,210.179,212.552,20445253.794734
2021-01-14,212.124,213.653,209.007,209.275,29870018.920386
2021-01-15,209.771,210.754,208.322,208.917,32312585.096208
2021-01-19,209.999,213.186,208.897,212.65,31024365.242458
2021-01-20,213.891,221.834,213.494,220.394,38450868.590827
2021-01-21,220.751,222.34,218.528,221.02,31297848.807547
2021-01-22,223.114,226.033,221.844,221.991,30710672.779001
2021-01-25,225.09,225.745,220.274,225.497,33743230.351647
2021-01-26,227.81,230.073,226.043,228.267,50046344.103646
2021-01-27,233.826,236.228,226.103,228.812,71116503.891006
2021-01-28,231.483,238.383,230.966,234.749,49986860.760912
2021-01-29,231.86,233.846,227.303,227.91,43261012.424813
2021-02-01,230.936,238.244,228.365,235.454,33908218.991059
2021-02-02,237.082,238.055,234.511,235.315,26378451.560475
2021-02-03,235.375,240.804,235.068,238.74,27642362.54744
2021-02-04,238.403,238.979,236.158,237.758,25747154.329307
2021-02-05,237.975,239.018,236.208,237.946,18376687.386196
2021-02-08,238.889,239.415,236.595,238.214,22607991.502144
2021-02-09,237.628,240.477,237.162,239.504,23985140.731145
2021-02-10,240.717,241.6,236.675,238.562,22582316.753649
2021-02-11,240.497,240.864,237.897,240.21,16031915.722018
2021-02-12,239.664,241.004,238.472,240.707,16856379.450279
2021-02-16,240.717,241.808,238.66,239.435,27205083.978505
2021-02-17,237.638,240.587,237.261,240.477,22008872.066916
2021-02-18,238.105,240.21,237.192,240.08,17187775.997049
2021-02-19,240.041,240.15,236.516,237.291,25653971.179373
2021-02-22,233.796,234.303,228.852,230.926,37011576.78036
2021-02-23,226.807,231.245,225.239,229.716,30639033.491943
2021-02-24,226.5,231.612,225.497,230.966,26747804.710988
2021-02-25,228.545,230.996,224.415,225.487,40154827.179785
2021-02-26,227.998,231.781,226.033,228.832,38405127.670067
2021-03-01,232.307,233.846,229.597,233.319,25725296.192762
2021-03-02,233.389,233.677,229.885,230.292,23165872.591283
2021-03-03,228.614,230.014,223.799,224.096,34556716.661841
2021-03-04,223.273,228.942,220.831,223.273,45420715.17529
2021-03-05,226.013,229.716,223.015,228.068,42521468.060668
2021-03-08,227.85,229.815,223.67,223.928,35813809.320407
2021-03-09,229.329,231.791,228.137,230.202,33593019.625655
2021-03-10,233.379,233.379,228.505,228.872,30207654.605302
2021-03-11,231.373,235.524,230.729,233.508,30370917.761401
2021-03-12,230.432,232.228,229.676,232.159,23004614.944394
2021-03-15,231.373,231.592,228.277,231.225,26446126.164332
2021-03-16,232.684,236.388,232.346,234.084,28527404.539838
2021-03-17,232.556,234.918,229.676,233.419,30020079.560555
2021-03-18,229.012,230.609,226.817,227.204,35392187.019506
2021-03-19,227.503,228.932,225.844,226.837,47150041.290089
2021-03-22,226.757,233.28,226.629,232.396,30593735.77764
2021-03-23,233.866,237.37,233.449,233.955,32128521.455333
2021-03-24,234.223,234.371,231.732,231.87,26017036.841946
2021-03-25,231.712,233.319,228.048,228.792,34589545.165441
2021-03-26,228.028,233.091,228.028,232.873,25874590.287221
2021-03-29,232.972,233.181,228.346,231.652,25618281.979561
2021-03-30,229.964,230.272,227.582,228.317,25176092.884561
2021-03-31,229.359,235.454,228.842,232.179,44299292.041835
2021-04-01,234.838,239.137,234.421,238.65,30807981.778119
2021-04-05,239.057,246.146,238.998,245.283,37482434.282006
2021-04-06,243.833,245.6,243.109,244.081,23287187.263678
2021-04-07,244.032,247.1,243.416,246.086,23071814.108601
2021-04-08,248.916,250.266,248.152,249.392,23991201.579421
2021-04-09,249.015,252.073,248.588,251.944,24703708.335218
2021-04-12,250.822,253.741,250.732,252.004,27569259.671792
2021-04-13,253.324,255.241,252.907,254.545,24206763.097242
2021-04-14,253.542,254.882,251.269,251.696,23428356.577982
2021-04-15,253.998,255.965,253.801,255.548,26024505.878005
2021-04-16,255.518,257.017,253.671,256.768,25264004.899538
2021-04-19,256.223,257.483,253.89,254.794,23568820.791108
2021-04-20,253.89,256.233,252.917,254.327,20028425.174561
2021-04-21,254.991,256.71,253.324,256.61,24402665.386911
2021-04-22,256.243,257.782,251.746,253.244,26002847.184367
2021-04-23,253.949,257.513,253.344,257.166,21832356.030517
2021-04-26,257.663,258.427,256.203,257.553,20069522.500413
2021-04-27,257.583,259.171,256.153,257.97,31494689.88907
2021-04-28,252.162,252.619,249.095,250.673,47629748.818817
2021-04-29,251.567,252.182,245.213,248.658,41217834.695149
2021-04-30,245.928,249.224,245.789,248.33,31424503.11044
2021-05-03,249.542,250.475,247.278,248.013,19930625.62648
2021-05-04,247.14,247.367,242.007,244.012,33263513.757332
2021-05-05,245.273,245.7,242.066,242.701,22240623.715093
2021-05-06,242.681,246.047,240.964,245.918,26901488.56393
2021-05-07,248.3,250.425,247.328,248.608,27451709.232405
2021-05-10,247.04,247.883,243.346,243.406,29753808.173238
2021-05-11,240.824,242.831,238.87,242.463,34162769.582209
2021-05-12,238.472,240.657,234.441,235.355,37252689.150328
2021-05-13,238.105,241.847,237.728,239.327,30083242.524157
2021-05-14,241.827,245.382,241.738,244.369,24271360.438099
2021-05-17,242.781,242.821,239.813,241.441,25357008.752315
2021-05-18,242.503,242.642,239.197,239.375,20480420.212386
2021-05-19,236.198,240.08,235.504,239.971,26078354.455033
2021-05-20,240.794,244.736,240.697,243.277,22087453.578725
2021-05-21,244.349,245.113,241.56,241.987,22150616.542326
2021-05-24,244.568,247.893,244.3,247.516,21693166.035951
2021-05-25,248.499,249.472,247.556,248.449,17937161.559075
2021-05-26,248.162,249.661,247.487,248.221,18005343.835782
2021-05-27,247.903,248.211,246.017,246.077,24747514.256885
2021-05-28,247.735,248.807,246.325,246.434,18515307.256095
2021-06-01,247.963,248.022,243.753,244.19,23518627.660047
2021-06-02,244.906,246.037,242.642,244.091,19661955.887868
2021-06-03,242.036,243.138,239.852,242.513,25640575.264261
2021-06-04,244.548,248.38,244.3,247.526,25613608.166033
2021-06-07,246.732,250.792,246.563,250.525,23382720.415113
2021-06-08,251.845,252.679,249.234,249.293,22750341.357279
2021-06-09,250.525,252.202,249.929,250.306,18173562.845882
2021-06-10,250.812,254.118,250.385,253.9,24886697.200439
2021-06-11,254.634,255.131,253.274,254.545,19249628.835078
2021-06-14,254.555,256.58,253.463,256.521,19402387.998187
2021-06-15,256.411,256.62,254.337,255.011,18276191.32975
2021-06-16,256.034,257.196,251.119,254.038,27577971.7005
2021-06-17,252.738,258.347,252.679,257.503,27928097.749155
2021-06-18,256.263,258.893,255.398,256.064,37691525.992868
2021-06-21,256.451,260.104,254.575,259.22,27047244.057759
2021-06-22,259.31,262.339,258.993,262.06,25018882.518437
2021-06-23,262.537,263.361,260.997,261.832,19775404.652969
2021-06-24,262.696,264.373,262.021,263.222,21728950.928065
2021-06-25,262.765,263.779,261.326,261.584,25947968.152328
2021-06-28,262.726,265.416,262.457,265.237,19847685.582101
2021-06-29,265.376,268.115,264.503,267.878,20200046.801491
2021-06-30,267.173,267.838,266.111,267.381,21941297.184511
2021-07-01,266.111,268.305,266.101,268.067,16945306.810956
2021-07-02,269.278,274.391,268.959,274.044,26822617.960639
2021-07-06,274.421,275.751,270.747,274.054,31980732.248247
2021-07-07,275.781,277.051,273.547,276.296,23565963.116759
2021-07-08,273.308,275.115,271.293,273.814,24942392.135268
2021-07-09,272.137,274.441,271.74,274.331,24231233.13001
2021-07-12,275.532,276.138,272.991,273.715,19180698.143835
2021-07-13,273.914,279.176,273.784,277.329,26463677.139962
2021-07-14,278.69,279.98,276.903,278.847,23417668.251399
2021-07-15,278.343,278.847,276.198,277.379,22901534.188485
2021-07-16,278.41,280.417,275.84,277.1,26531275.189977
2021-07-19,275.314,276.723,270.896,273.417,33368825.65483
2021-07-20,274.421,277.319,272.674,275.701,26605127.48745
2021-07-21,275.284,277.866,273.685,277.746,24684776.368566
2021-07-22,280.158,282.699,279.742,282.422,23691621.212415
2021-07-23,283.643,286.224,282.779,285.906,23067532.12987
2021-07-26,285.251,285.926,282.919,285.301,23480900.71783
2021-07-27,285.678,285.808,279.275,282.819,34046057.205937
2021-07-28,285.241,286.383,280.148,282.502,34008346.380318
2021-07-29,282.522,284.874,282.362,282.779,18407255.536873
2021-07-30,281.469,282.939,280.228,281.21,21220327.199993
2021-08-02,282.639,283.056,280.059,281.122,16481315.987504
2021-08-03,281.707,283.504,280.317,283.395,18114205.414071
2021-08-04,282.502,283.862,280.952,282.789,16404260.516106
2021-08-05,283.156,285.866,282.382,285.758,14082990.881505
2021-08-06,284.756,285.738,283.892,285.698,16807530.040609
2021-08-09,285.986,287.762,284.079,284.586,16329619.5126
2021-08-10,285.053,285.499,281.499,282.719,18861436.388352
2021-08-11,283.484,284.914,282.144,283.226,14139491.646253
2021-08-12,282.909,286.204,282.62,286.045,14762031.52078
2021-08-13,285.718,289.103,285.549,289.053,18489070.44123
2021-08-16,289.391,290.99,286.254,290.771,22812173.694227
2021-08-17,288.598,289.629,287.296,289.282,20339293.204152
2021-08-18,288.805,291.545,287.048,287.505,22057657.010194
2021-08-19,285.499,294.176,285.44,293.481,30185287.78862
2021-08-20,296.39,302.446,294.762,300.977,41275489.811256
2021-08-23,299.885,302.009,298.505,301.265,23086238.464145
2021-08-24,301.632,302.258,298.653,299.27,18379648.811147
2021-08-25,300.917,301.205,297.086,298.663,20230460.837197
2021-08-26,297.65,299.08,295.626,295.764,17864241.002447
2021-08-27,295.666,297.532,293.541,296.39,22859289.562286
2021-08-30,297.78,300.838,297.72,300.222,16531445.659458
2021-08-31,301.036,301.115,298.157,298.535,26580175.971305
2021-09-01,299.507,301.801,298.147,298.485,19196764.377838
2021-09-02,298.853,300.004,296.846,297.81,16473273.804916
2021-09-03,297.63,299.25,296.926,297.8,14917076.218996
2021-09-07,297.67,297.75,294.901,296.846,17376833.768846
2021-09-08,296.45,297.273,294.166,296.876,15215595.912372
2021-09-09,297.483,298.793,293.71,293.958,20150516.465539
2021-09-10,295.109,296.589,292.101,292.43,19853586.27168
2021-09-13,294.256,295.229,290.81,293.7,23918259.869756
2021-09-14,296.231,298.048,294.801,296.46,22098558.922291
2021-09-15,299.905,301.929,298.475,301.433,28674371.800407
2021-09-16,300.391,301.919,297.423,301.831,19770112.364979
2021-09-17,300.788,301.115,296.202,296.539,41836523.709952
2021-09-20,293.044,295.398,286.304,291.03,38708026.041763
2021-09-21,292.41,294.246,290.8,291.525,22614956.894504
2021-09-22,293.431,296.886,291.237,295.268,26925004.695532
2021-09-23,295.526,297.562,294.236,296.231,18813285.028849
2021-09-24,294.931,296.469,293.64,296.023,15167218.920491
2021-09-27,292.857,293.184,289.699,290.9,23836141.771894
2021-09-28,286.581,287.555,279.613,280.377,43670649.012961
2021-09-29,281.935,283.593,279.87,280.854,26649300.061728
2021-09-30,282.542,284.636,278.5,278.798,32706427.41795
2021-10-01,278.997,286.761,278.173,285.886,30423752.000019
2021-10-04,284.219,284.556,277.14,279.97,31702402.623484
2021-10-05,280.893,287.178,280.893,285.559,25273366.628619
2021-10-06,282.611,290.374,282.342,289.858,28316658.863068
2021-10-07,291.903,293.352,290.652,291.575,20659635.779013
2021-10-08,292.934,293.352,290.493,291.575,17884077.513182
2021-10-11,289.679,294.673,289.5,290.96,19515103.458062
2021-10-12,292.061,292.161,289.113,289.639,18175755.710547
2021-10-13,291.634,293.987,290.235,293.024,23686767.094443
2021-10-14,295.883,299.915,294.534,299.398,27568705.663722
2021-10-15,298.991,301.066,297.183,300.828,25669539.813402
2021-10-18,300.202,304.799,299.338,303.886,22984246.585912
2021-10-19,304.918,305.871,303.816,304.819,17880476.460733
2021-10-20,305.781,306.258,302.714,304.004,16722562.326696
2021-10-21,303.766,307.568,302.962,307.311,17107867.887738
2021-10-22,306.954,307.638,304.392,305.731,17645058.286428
2021-10-25,305.931,305.961,303.062,304.719,17751374.449461
2021-10-26,307.548,308.928,305.166,306.665,28422623.4828
2021-10-27,312.493,322.48,312.493,319.581,53178567.727921
2021-10-28,320.722,321.269,317.794,320.752,26592922.186043
2021-10-29,320.535,328.318,320.305,327.94,35155944.884108
2021-11-01,327.682,327.811,322.748,325.717,27376856.698545
2021-11-02,326.649,329.747,326.341,329.43,26784210.09214
2021-11-03,330.193,331.187,326.987,330.293,21741243.863475
2021-11-04,329.19,332.815,325.855,332.715,24261317.782737
2021-11-05,334.75,335.029,330.71,332.338,22823262.921195
2021-11-08,333.559,333.896,330.73,333.252,21131398.83203
2021-11-09,333.371,334.959,330.82,332.229,21546371.021528
2021-11-10,330.86,330.918,326.263,327.136,25786977.436601
2021-11-11,327.583,330.074,326.848,328.745,17038845.533341
2021-11-12,330.213,333.489,330.084,332.994,24098357.820145
2021-11-15,333.787,334.125,330.323,332.348,16910587.628909
2021-11-16,331.96,336.895,331.792,335.743,21121116.442268
2021-11-17,335.793,339.01,334.859,335.972,19231913.671603
2021-11-18,335.039,339.268,333.986,338.106,22674020.198394
2021-11-19,339.455,341.898,339.019,339.922,22169204.016686
2021-11-22,341.422,346.426,336.399,336.676,31321879.663009
2021-11-23,333.916,336.299,330.463,334.542,30712674.259062
2021-11-24,333.162,335.019,330.81,334.77,21864276.968172
2021-11-26,331.246,334.79,325.071,326.621,24444161.598573
2021-11-29,331.832,335.882,331.633,333.509,28831125.865339
2021-11-30,332.209,334.642,325.934,327.523,43287454.726306
2021-12-01,332.02,336.131,326.331,327.017,33714120.753122
2021-12-02,327.235,330.393,324.764,326.431,31054262.539728
2021-12-03,328.903,329.608,315.074,320.008,42170757.785322
2021-12-06,320.942,324.406,316.266,323.165,30313965.731898
2021-12-07,328.566,332.685,327.037,331.812,31312616.648093
2021-12-08,332.199,332.387,327.731,331.862,24993002.283312
2021-12-09,331.306,333.361,329.033,330.006,22422308.143133
2021-12-10,331.872,339.814,331.683,339.358,38452656.525958
2021-12-13,337.521,340.598,335.932,336.249,29170223.124268
2021-12-14,330.124,331.534,321.1,325.29,44855097.111645
2021-12-15,325.558,332.08,321.488,331.544,35712649.461566
2021-12-16,332.597,333.639,320.018,321.885,35363113.683327
2021-12-17,317.903,321.905,314.309,320.792,48433328.457449
2021-12-20,317.079,319.799,314.617,316.94,28591956.552761
2021-12-21,320.285,324.684,316.831,324.247,24972420.379902
2021-12-22,325.25,330.511,322.728,330.104,25064168.145292
2021-12-23,329.657,333.272,329.637,331.584,19801670.679168
2021-12-27,332.348,339.298,332.318,339.268,20133935.507676
2021-12-28,339.962,340.618,337.163,338.086,15808217.336592
2021-12-29,338.136,341.105,336.528,338.771,15182901.377996
2021-12-30,338.731,339.942,335.673,336.17,16144342.09041
2021-12-31,335.366,336.2,332.735,333.202,18169467.215319
2022-01-03,332.239,334.859,326.719,331.643,29188979.822913
2022-01-04,331.723,332.09,323.095,325.954,32980470.027546
2022-01-05,322.837,323.046,313.049,313.446,40429642.378814
2022-01-06,310.24,315.739,308.601,310.964,40017638.665279
2022-01-07,311.233,313.565,307.211,311.123,33026609.834114
2022-01-10,306.615,311.797,301.859,311.351,44704466.346809
2022-01-11,310.467,313.674,307.012,312.057,29662132.932539
2022-01-12,316.702,320.405,314.141,315.312,34694289.960134
2022-01-13,317.486,317.903,301.175,301.969,45791065.54033
2022-01-14,301.423,307.936,300.927,307.321,40219781.100379
2022-01-18,301.245,306.924,298.942,299.845,42831726.681384
2022-01-19,303.449,310.994,299.895,300.51,46364262.434361
2022-01-20,306.198,308.76,298.346,298.803,35712198.196812
2022-01-21,299.875,301.285,292.867,293.283,58527726.158075
2022-01-24,289.49,294.354,273.487,293.621,86841558.572704
2022-01-25,288.815,292.25,282.522,285.808,73531241.737874
2022-01-26,305.127,305.633,290.314,293.958,91276186.671872
2022-01-27,299.855,304.451,295.169,297.056,53982445.523623
2022-01-28,297.443,305.613,291.714,305.394,50209804.688076
2022-01-31,306.079,309.485,303.529,308.095,46879728.66573
2022-02-01,307.528,307.748,302.297,305.891,41334107.894115
2022-02-02,306.755,312.194,306.011,310.547,36979274.080782
2022-02-03,306.615,308.343,297.174,298.455,44139728.652349
2022-02-04,297.423,305.931,297.183,303.102,35425347.927946
2022-02-07,303.329,304.978,297.116,298.157,28800647.363238
2022-02-08,298.455,302.724,297.164,301.732,32724979.637253
2022-02-09,306.993,309.038,304.541,308.323,31577813.259757
2022-02-10,301.215,306.248,297.909,299.577,45811475.197594
2022-02-11,300.371,301.462,291.487,292.3,39542701.64967
2022-02-14,291.039,294.007,288.647,292.26,36700181.939459
2022-02-15,297.223,298.008,294.266,297.68,27636038.797152
2022-02-16,296.206,298.693,291.555,297.333,30200612.6591
2022-02-17,294.216,294.653,287.902,288.627,32698140.464525
2022-02-18,290.93,291.734,284.234,285.847,34513703.475357
2022-02-22,282.939,289.431,282.442,285.638,42040264.710153
2022-02-23,288.081,289.59,278.073,278.243,38086712.036001
2022-02-24,270.539,293.024,269.555,292.458,57404992.543713
2022-02-25,293.004,295.476,289.545,295.159,32783901.920907
2022-02-28,292.181,296.976,290.88,296.629,34879801.073
2022-03-01,294.256,297.8,290.037,292.817,31445274.383882
2022-03-02,293.224,299.289,291.573,298.018,32105278.298615
2022-03-03,300.699,300.937,291.923,293.779,27513520.416316
2022-03-04,292.161,293.521,285.088,287.762,32605545.570431
2022-03-07,286.443,287.595,276.515,276.893,43471681.54774
2022-03-08,275.79,281.906,268.047,273.854,48510432.278643
2022-03-09,281.389,287.505,278.749,286.413,35461029.069458
2022-03-10,280.972,284.526,278.55,283.523,30851210.524107
2022-03-11,285.876,287.415,277.409,278.043,27407615.226542
2022-03-14,278.313,283.335,273.824,274.441,30884184.077092
2022-03-15,278.323,285.738,276.708,285.073,34494642.575918
2022-03-16,287.018,292.44,281.152,292.26,38101984.527534
2022-03-17,291.167,293.471,287.276,293.084,31041206.08047
2022-03-18,293.234,298.823,290.612,298.256,43706829.769022
2022-03-21,296.727,297.969,292.767,296.996,28557851.816028
2022-03-22,297.63,302.793,296.609,301.859,27800818.928074
2022-03-23,298.336,301.036,295.566,297.323,25902775.195915
2022-03-24,296.976,301.999,296.157,301.899,24662883.984251
2022-03-25,303.022,303.289,297.121,301.482,22730903.732354
2022-03-28,302.129,308.551,302.129,308.452,29793736.038421
2022-03-29,311.64,313.535,306.814,313.128,30614891.834867
2022-03-30,311.49,313.664,309.326,311.59,28368794.044232
2022-03-31,311.63,312.86,305.663,306.079,33665629.937766
2022-04-01,307.131,307.886,303.329,307.181,27308094.224297
2022-04-04,307.846,312.83,307.469,312.691,24513213.164304
2022-04-05,311.004,312.587,307.628,308.631,23325471.235828
2022-04-06,302.982,304.779,294.564,297.333,40402672.258723
2022-04-07,294.514,301.452,294.206,299.19,31640060.599113
2022-04-08,298.266,298.942,294.137,294.821,24539451.993744
2022-04-11,289.679,290.493,282.939,283.196,34821183.997428
2022-04-12,287.143,288.636,278.46,280.02,31192387.831514
2022-04-13,280.685,286.492,279.265,285.539,22066822.318232
2022-04-14,286.006,286.219,277.3,277.806,28427269.092281
2022-04-18,276.893,280.417,276.326,278.49,20929417.562913
2022-04-19,277.359,284.099,276.396,283.236,22460212.367933
2022-04-20,287.306,287.604,283.306,284.289,23073597.007295
2022-04-21,286.492,291.177,278.033,278.778,29669234.308699
2022-04-22,279.642,281.152,271.402,272.047,29620089.76382
2022-04-25,271.312,279.077,268.811,278.69,35938858.007188
2022-04-26,275.493,276.346,268.047,268.265,46857443.439329
2022-04-27,280.059,288.865,277.14,281.171,63940281.242505
2022-04-28,283.121,288.875,279.42,287.535,33891765.958695
2022-04-29,286.522,287.782,274.5,275.513,37344095.445291
2022-05-02,275.701,282.879,274.221,282.412,35407265.104571
2022-05-03,281.906,282.075,278.123,279.742,26167921.443207
2022-05-04,280.545,288.775,274.728,287.882,33844171.629123
2022-05-05,283.475,284.279,272.355,275.344,43575641.665549
2022-05-06,272.816,277.23,269.308,272.742,38055642.256198
2022-05-09,268.105,270.389,261.415,262.666,48073750.023849
2022-05-10,269.725,271.77,263.152,267.55,39623084.191346
2022-05-11,263.759,269.397,257.424,258.665,49332804.878266
2022-05-12,255.825,258,248.211,253.503,51405705.64448
2022-05-13,255.488,261.137,253.503,259.23,35179606.065096
2022-05-16,258.075,263.896,253.929,259.607,32788144.615429
2022-05-17,264.185,266.388,260.561,264.889,29038885.94226
2022-05-18,261.705,262.303,251.526,252.829,31511096.817166
2022-05-19,252.65,256.401,250.64,251.894,32854008.232256
2022-05-20,255.974,257.267,245.227,251.317,39393190.031572
2022-05-23,254.233,260.213,252.182,259.367,33339490.997179
2022-05-24,256.621,260.043,252.252,258.342,29187578.412622
2022-05-25,256.869,263.278,255.859,261.228,28689168.012051
2022-05-26,260.979,265.795,260.143,264.591,25125785.437388
2022-05-27,267.158,271.994,266.243,271.895,27043928.401356
2022-05-31,271.189,273.417,267.606,270.532,38014821.078504
2022-06-01,273.84,276.323,268.711,271.079,25417289.351
2022-06-02,263.148,273.298,260.312,273.228,44225908.851184
2022-06-03,268.979,272.104,267.088,268.691,28197760.080789
2022-06-06,270.721,272.83,265.905,267.427,22511152.033644
2022-06-07,265.322,271.785,264.631,271.159,22973764.21927
2022-06-08,270.372,271.656,268.283,269.079,17458278.513395
2022-06-09,266.462,271.365,263.327,263.486,26570520.072246
2022-06-10,259.297,259.297,251.287,251.745,31601397.316915
2022-06-13,243.904,247.799,240.341,241.068,46364012.561055
2022-06-14,242.659,244.53,240.321,243.286,28793220.203824
2022-06-15,247.088,254.043,245.207,250.521,33275526.133297
2022-06-16,244.769,246.199,241.823,243.764,33333241.233024
2022-06-17,243.496,249.267,242.829,246.431,43297911.831707
2022-06-21,249.023,253.496,248.282,252.491,30076346.328776
2022-06-22,250.65,255.904,249.138,251.884,26089639.963672
2022-06-23,254.312,258.094,252.382,257.586,25989380.441125
2022-06-24,260.519,266.661,260.432,266.382,34091042.472182
2022-06-27,266.885,266.98,261.984,263.586,24736880.069932
2022-06-28,262.681,265.596,255.058,255.218,27515691.632552
2022-06-29,256.322,260.68,254.501,258.979,20169120.499131
2022-06-30,255.785,258.252,251.655,255.566,31887834.288756
2022-07-01,255.128,258.492,253.357,258.302,22950665.51705
2022-07-05,254.899,261.686,253.486,261.556,23085270.101466
2022-07-06,262.451,266.67,261.108,264.899,23942273.659135
2022-07-07,263.815,267.73,263.716,267.078,20963063.645039
2022-07-08,263.486,266.78,261.989,266.342,19755998.928612
2022-07-11,264.342,265.218,260.89,263.208,19615665.142483
2022-07-12,264.571,264.631,250.799,252.422,36045884.083427
2022-07-13,248.958,252.302,246.888,251.476,29643340.880853
2022-07-14,249.336,253.882,244.729,252.829,25227001.669289
2022-07-15,254.461,259.088,253.519,255.456,29921336.299566
2022-07-18,258.472,259.557,252.053,252.998,21078793.31864
2022-07-19,256.307,258.442,252.432,258.252,25136294.166086
2022-07-20,258.62,263.566,257.636,260.979,22901011.095614
2022-07-21,258.511,263.586,255.765,263.536,22515506.468132
2022-07-22,263.934,264.024,257.794,259.079,21989532.386704
2022-07-25,259.71,260.213,255.546,257.556,21160157.831433
2022-07-26,258.581,258.601,248.341,250.66,39542603.512047
2022-07-27,259.875,268.721,257.576,267.417,46221572.406432
2022-07-28,268.423,276.472,266.552,275.05,33624843.631423
2022-07-29,276.333,280.612,275.268,279.358,32311805.264939
2022-08-01,276.453,279.895,274.482,276.641,21646132.015343
2022-08-02,274.641,276.522,271.039,273.467,22866744.419594
2022-08-03,275.398,282.105,275.248,281.08,23635217.188832
2022-08-04,280.413,282.403,278.788,282.254,18188198.508506
2022-08-05,277.776,282.254,277.308,281.518,16857586.637314
2022-08-08,282.651,284.512,277.945,278.94,18850609.192369
2022-08-09,278.264,281.686,276.243,280.91,23521019.054156
2022-08-10,286.752,288.383,285.527,287.737,24809970.855714
2022-08-11,289.418,289.776,285.1,285.607,20165200.20166
2022-08-12,287.06,290.473,285.527,290.473,22731570.030341
2022-08-15,289.568,292.732,288.682,292.025,18175120.130838
2022-08-16,290.553,292.592,288.991,291.269,18192433.354325
2022-08-17,288.926,292.526,288.657,290.501,18304799.350667
2022-08-18,289.373,291.09,288.268,289.355,17234625.878813
2022-08-19,288.088,288.437,284.758,285.346,20628003.170792
2022-08-22,281.287,281.666,276.441,276.969,25131696.746595
2022-08-23,275.663,278.076,274.626,275.663,17576804.491649
2022-08-24,274.636,276.451,274.337,275.015,18188132.485773
2022-08-25,276.551,278.236,273.749,278.066,16630142.118806
2022-08-26,278.296,279.552,267.227,267.337,27626946.060277
2022-08-29,265.103,266.649,263.109,264.485,20395861.791826
2022-08-30,265.921,266.3,259.927,262.231,22831232.831646
2022-08-31,264.644,266.359,260.596,260.735,24861701.989576
2022-09-01,258.143,260.157,254.692,259.668,23328991.666251
2022-09-02,260.96,263.996,253.755,255.34,22919790.702799
2022-09-06,255.48,257.105,251.232,252.538,21388348.944478
2022-09-07,253.984,258.103,252.508,257.365,24194693.518516
2022-09-08,256.786,259.698,254.074,257.793,20377176.280573
2022-09-09,259.768,264.485,259.559,263.717,22155452.709916
2022-09-12,265.033,266.698,264.415,265.901,18800524.469991
2022-09-13,258.113,259.668,250.883,251.282,33447313.8405
2022-09-14,252.818,253.516,249.158,251.511,23980345.142616
2022-09-15,249.068,250.693,243.334,244.69,31619808.063608
2022-09-16,243.574,244.611,241.382,244.052,39903908.587576
2022-09-19,241.784,244.451,240.173,243.833,26902534.270636
2022-09-20,241.385,242.826,238.967,241.769,26735432.670733
2022-09-21,243.584,246.964,238.229,238.278,28706229.132529
2022-09-22,237.202,243.175,236.902,240.303,31148698.119468
2022-09-23,238.867,240.452,234.539,237.251,34272362.446339
2022-09-26,236.379,240.771,236.234,236.783,27772237.367462
2022-09-27,239.306,241.12,233.841,235.746,27094875.801453
2022-09-28,236.145,241.649,234.07,240.393,29111490.02333
2022-09-29,238.189,239.276,233.751,236.833,27561688.669668
2022-09-30,237.62,239.864,232.076,232.245,35795426.661537
2022-10-03,234.748,240.931,234.001,240.063,28961747.20622
2022-10-04,244.401,249.656,244.287,248.181,34986738.031578
2022-10-05,245.299,249.876,243.414,248.5,20404478.005676
2022-10-06,247.233,249.636,245.388,246.096,20296925.755271
2022-10-07,240.225,240.642,232.515,233.582,37876043.748474
2022-10-10,232.395,233.9,226.093,228.606,29827431.007758
2022-10-11,226.98,228.416,223.48,224.777,30559835.258338
2022-10-12,224.767,227.22,223.331,225.116,21965666.359837
2022-10-13,219.232,235.436,218.514,233.582,42671736.920741
2022-10-14,234.878,236.573,227.698,227.918,30283693.225842
2022-10-17,235.157,238.288,234.474,236.862,28221578.134429
2022-10-18,242.556,243.244,234.709,237.83,26403792.67421
2022-10-19,236.374,238.937,233.632,235.815,20042021.40631
2022-10-20,235.107,240.632,234.21,235.486,21872482.488394
2022-10-21,234.08,242.317,233.841,241.44,26373850.528824
2022-10-24,243.075,247.144,240.617,246.555,24981416.418937
2022-10-25,246.565,250.335,245.139,249.956,34873508.827424
2022-10-26,230.52,237.63,229.413,230.67,82917867.242335
2022-10-27,230.391,233.033,225.145,226.113,40538569.152424
2022-10-28,225.604,235.935,225.415,235.207,40762276.83045
2022-10-31,233.103,234.26,230.5,231.478,28437181.035878
2022-11-01,233.941,235.078,226.686,227.529,30678485.697603
2022-11-02,228.815,230.65,219.422,219.481,38515246.076885
2022-11-03,219.471,219.791,213.379,213.648,36737163.191452
2022-11-04,216.939,220.967,212.831,220.768,36892741.407584
2022-11-07,221.366,227.768,220.658,227.23,33592382.522047
2022-11-08,228.057,230.999,225.205,228.227,28271999.832801
2022-11-09,226.731,227.99,223.7,223.879,27931404.66988
2022-11-10,234.768,242.646,234.34,242.297,46398412.870523
2022-11-11,242.307,247.293,241.25,246.416,34717812.278746
2022-11-14,241.305,243.225,238.538,240.871,31211051.348612
2022-11-15,244.97,246.306,239.355,241.29,31478580.175712
2022-11-16,242.79,243.8,240.42,241.73,24093272
2022-11-17,237.78,243.25,237.63,241.68,23123544
2022-11-18,243.51,243.74,239.03,241.22,27613523
2022-11-21,241.43,244.67,241.19,242.05,26394700
2022-11-22,243.59,245.31,240.71,245.03,19665699
2022-11-23,245.105,248.28,244.27,247.58,19508462
2022-11-25,247.31,248.7,246.73,247.49,9200772
2022-11-28,246.08,246.65,240.8,241.76,24810271
2022-11-29,241.4,242.79,238.21,240.33,17956313
2022-11-30,240.57,255.33,239.86,255.14,47594239
2022-12-01,253.87,256.12,250.9156,254.69,26041524
2022-12-02,249.82,256.06,249.69,255.02,21528520
2022-12-05,252.01,253.819,248.06,250.2,23435294
2022-12-06,250.82,251.86,243.78,245.12,22463727
2022-12-07,244.83,246.16,242.205,244.37,20481522
2022-12-08,244.84,248.74,243.06,247.4,22611757
2022-12-09,244.695,248.31,244.16,245.42,20609743
2022-12-12,247.445,252.54,247.17,252.51,30665069
2022-12-13,261.69,263.915,253.07,256.92,42196884
2022-12-14,257.13,262.588,254.31,257.22,35410933
2022-12-15,253.72,254.2,247.34,249.01,35568093
2022-12-16,248.55,249.84,243.51,244.69,86101994
2022-12-19,244.86,245.21,238.71,240.45,29696436
2022-12-20,239.4,242.91,238.42,241.8,25150802
2022-12-21,241.69,245.615,240.11,244.43,23690607
2022-12-22,241.255,241.99,233.87,238.19,28651664
2022-12-23,236.11,238.87,233.9428,238.73,21206982
2022-12-27,238.7,238.93,235.83,236.96,16688648
2022-12-28,236.89,239.72,234.17,234.53,17457104
2022-12-29,235.65,241.92,235.65,241.01,19770693
2022-12-30,238.21,239.96,236.66,239.82,21938472
2023-01-03,243.08,245.75,237.4,239.58,25740036
2023-01-04,232.275,232.87,225.96,229.1,50623394
2023-01-05,227.2,227.55,221.7602,222.31,39585623
2023-01-06,223,225.7601,219.35,224.93,43613574
2023-01-09,226.45,231.2366,226.41,227.12,27369784
2023-01-10,227.755,231.31,227.33,228.85,27033881
2023-01-11,231.29,235.95,231.11,235.77,28669331
2023-01-12,235.26,239.9,233.56,238.51,27269486
2023-01-13,237.002,239.37,234.92,239.23,21333265
2023-01-17,237.97,240.91,237.09,240.35,29831257
2023-01-18,241.565,242.38,235.52,235.81,30028692
2023-01-19,233.78,235.52,230.68,231.93,28623033
2023-01-20,234.855,240.74,234.51,240.22,35389809
2023-01-23,241.1,245.165,239.65,242.58,31933951
2023-01-24,242.5,243.95,240.44,242.04,40234444
2023-01-25,234.48,243.3,230.9,240.61,66526641
2023-01-26,243.65,248.31,242,248,33454491
2023-01-27,248.99,249.83,246.83,248.16,26498939
2023-01-30,244.51,245.6,242.2,242.71,25867365
2023-01-31,243.45,247.95,242.945,247.81,26541072
2023-02-01,248,255.18,245.47,252.75,31259912
2023-02-02,258.82,264.69,257.25,264.6,39940437
2023-02-03,259.542,264.2,257.1,258.35,29077256
2023-02-06,257.44,258.3,254.78,256.77,22517997
